Reference,Value,Footprint,MPN,LCSC
C1,4.7u / 16V,Capacitor_SMD:C_0805_2012Metric,0805B475K160NT,C880382
C2,4.7u / 16V,Capacitor_SMD:C_0805_2012Metric,0805B475K160NT,C880382
C4,4.7u / 16V,Capacitor_SMD:C_0805_2012Metric,0805B475K160NT,C880382
C10,100nF,Capacitor_SMD:C_0603_1608Metric,CC0603KRX7R9BB104,C14663
C11,100nF,Capacitor_SMD:C_0603_1608Metric,CC0603KRX7R9BB104,C14663
C12,33pF C0G,Capacitor_SMD:C_0603_1608Metric,CL10C330JB8NNNC,C1663
C13,33pF C0G,Capacitor_SMD:C_0603_1608Metric,CL10C330JB8NNNC,C1663
C14,100nF,Capacitor_SMD:C_0603_1608Metric,CC0603KRX7R9BB104,C14663
C20,100nF,Capacitor_SMD:C_0402_1005Metric,CC0402KRX7R8BB104,C105883
C21,100nF,Capacitor_SMD:C_0603_1608Metric,CC0603KRX7R9BB104,C14663
C22,100nF,Capacitor_SMD:C_0603_1608Metric,CC0603KRX7R9BB104,C14663
C23,100nF,Capacitor_SMD:C_0603_1608Metric,CC0603KRX7R9BB104,C14663
C24,100nF,Capacitor_SMD:C_0603_1608Metric,CC0603KRX7R9BB104,C14663
C25,100nF,Capacitor_SMD:C_0603_1608Metric,CC0603KRX7R9BB104,C14663
C26,4.7uF / 16V,Capacitor_SMD:C_0805_2012Metric,0805B475K160NT,C880382
C27,100nF / 25V,Capacitor_SMD:C_0402_1005Metric,CC0402KRX7R8BB104,C105883
C60,4.7u / 50V,Capacitor_SMD:C_1206_3216Metric,1206B475K500NT,C29823
C61,4.7u / 50V,Capacitor_SMD:C_1206_3216Metric,1206B475K500NT,C29823
C63,100n / 50V,Resistor_SMD:R_0603_1608Metric,CC0603KRX7R9BB104,C14663
C64,10u / 50V,DUT_Custom:Samsung_CL31_1206,CL31B106KBHNFNE,C913957
C65,10u / 50V,DUT_Custom:Samsung_CL31_1206,CL31B106KBHNFNE,C913957
C66,10u / 50V,DUT_Custom:Samsung_CL31_1206,CL31B106KBHNFNE,C913957
C67,10u / 50V,DUT_Custom:Samsung_CL31_1206,CL31B106KBHNFNE,C913957
C68,10u / 50V,DUT_Custom:Samsung_CL31_1206,CL31B106KBHNFNE,C913957
C69,10u / 50V,DUT_Custom:Samsung_CL31_1206,CL31B106KBHNFNE,C913957
C70,100n / 50V,Resistor_SMD:R_0603_1608Metric,CC0603KRX7R9BB104,C14663
C71,100n / 50V,Capacitor_SMD:C_0603_1608Metric,CC0603KRX7R9BB104,C14663
C72,4.7u / 50V,Capacitor_SMD:C_1206_3216Metric,1206B475K500NT,C29823
C73,47u / 50V,Capacitor_THT:CP_Radial_D6.3mm_P2.50mm,SPZ1HM470E08O00RAXXX,C122243
C74,220u / 50V polymer,Capacitor_THT:CP_Radial_D10.0mm_P5.00mm,SPZ1HM221G12O00RAXXX,C2691846
C76,220u / 50V polymer,Capacitor_THT:CP_Radial_D10.0mm_P5.00mm,SPZ1HM221G12O00RAXXX,C2691846
C77,220u / 50V polymer,Capacitor_THT:CP_Radial_D10.0mm_P5.00mm,SPZ1HM221G12O00RAXXX,C2691846
C80,4.7u / 50V,Capacitor_SMD:C_1206_3216Metric,1206B475K500NT,C29823
C82,10u / 50V,DUT_Custom:Samsung_CL31_1206,CL31B106KBHNFNE,C913957
C83,10u / 50V,DUT_Custom:Samsung_CL31_1206,CL31B106KBHNFNE,C913957
C101,100nF,Capacitor_SMD:C_0603_1608Metric,CC0603KRX7R9BB104,C14663
C102,10uF / 16V,Capacitor_SMD:C_0805_2012Metric,CC0805KKX7R7BB106,C326595
C103,220uF / 10V,Capacitor_THT:CP_Radial_D6.3mm_P2.50mm,ERS1AM221E11OT,C106640
C104,100nF,Capacitor_SMD:C_0603_1608Metric,CC0603KRX7R9BB104,C14663
C201,100nF,Capacitor_SMD:C_0603_1608Metric,CC0603KRX7R9BB104,C14663
C202,10uF / 16V,Capacitor_SMD:C_0805_2012Metric,CC0805KKX7R7BB106,C326595
C203,220uF / 10V,Capacitor_THT:CP_Radial_D6.3mm_P2.50mm,ERS1AM221E11OT,C106640
C204,100nF,Capacitor_SMD:C_0603_1608Metric,CC0603KRX7R9BB104,C14663
C301,100nF,Capacitor_SMD:C_0603_1608Metric,CC0603KRX7R9BB104,C14663
C302,10uF / 16V,Capacitor_SMD:C_0805_2012Metric,CC0805KKX7R7BB106,C326595
C303,220uF / 10V,Capacitor_THT:CP_Radial_D6.3mm_P2.50mm,ERS1AM221E11OT,C106640
C304,100nF,Capacitor_SMD:C_0603_1608Metric,CC0603KRX7R9BB104,C14663
C401,100nF,Capacitor_SMD:C_0603_1608Metric,CC0603KRX7R9BB104,C14663
C402,10uF / 16V,Capacitor_SMD:C_0805_2012Metric,CC0805KKX7R7BB106,C326595
C403,220uF / 10V,Capacitor_THT:CP_Radial_D6.3mm_P2.50mm,ERS1AM221E11OT,C106640
C404,100nF,Capacitor_SMD:C_0603_1608Metric,CC0603KRX7R9BB104,C14663
D6,SMCJ24CA / bidir,Diode_SMD:D_SMC,SMCJ24CA-13-F,C135155
D7,12V gate clamp,Diode_SMD:D_SOD-123F,"BZT52H-C12,115",C282531
D8,STPS5L60S,Diode_SMD:D_SMC,STPS5L60S,C140620
D101,GREEN / VBUS,DUT_Custom:LED_LiteOn_LTST-S270KGKT_SideView,LTST-S270KGKT,C125113
D201,GREEN / VBUS,DUT_Custom:LED_LiteOn_LTST-S270KGKT_SideView,LTST-S270KGKT,C125113
D301,GREEN / VBUS,DUT_Custom:LED_LiteOn_LTST-S270KGKT_SideView,LTST-S270KGKT,C125113
D401,GREEN / VBUS,DUT_Custom:LED_LiteOn_LTST-S270KGKT_SideView,LTST-S270KGKT,C125113
F1,5 A / Nano2,Fuse:Fuse_Littelfuse-NANO2-451_453,0451005.MRL,C48467
J1,12-24V DC / pluggable,DUT_Custom:Phoenix_MSTBA_1757242_2pos_P5.08,1757242,C90074
J2,XUNPU USB-B10-BRW,DUT_Custom:XUNPU_USB_B10_BRW,USB-B10-BRW,C720549
J11,USB-231-ARY,DUT_Custom:XUNPU_USB_231_ARY,USB-231-ARY,C720525
J12,USB-231-ARY,DUT_Custom:XUNPU_USB_231_ARY,USB-231-ARY,C720525
J13,USB-231-ARY,DUT_Custom:XUNPU_USB_231_ARY,USB-231-ARY,C720525
J14,USB-231-ARY,DUT_Custom:XUNPU_USB_231_ARY,USB-231-ARY,C720525
L6,10uH / MNR8065T,DUT_Custom:Sunlord_SWPA8065S,MNR8065T100MT,C18222125
Q6,AOD409 / -60V P-MOS,DUT_Custom:AOS_AOD409_TO252,AOD409,C36220
Q11,MMBT3904,Package_TO_SOT_SMD:SOT-23,MMBT3904LT1G,C81464
Q12,MMBT3904,Package_TO_SOT_SMD:SOT-23,MMBT3904LT1G,C81464
Q13,MMBT3904,Package_TO_SOT_SMD:SOT-23,MMBT3904LT1G,C81464
Q14,MMBT3904,Package_TO_SOT_SMD:SOT-23,MMBT3904LT1G,C81464
R1,100k 1%,Resistor_SMD:R_0603_1608Metric,0603WAF1003T5E,C25803
R2,100k 1%,Resistor_SMD:R_0603_1608Metric,0603WAF1003T5E,C25803
R10,100k,Resistor_SMD:R_0603_1608Metric,0603WAF1003T5E,C25803
R11,100k,Resistor_SMD:R_0603_1608Metric,0603WAF1003T5E,C25803
R12,100k,Resistor_SMD:R_0603_1608Metric,0603WAF1003T5E,C25803
R13,100k,Resistor_SMD:R_0603_1608Metric,0603WAF1003T5E,C25803
R14,12k 1%,Resistor_SMD:R_0603_1608Metric,0603WAF1202T5E,C22790
R15,10k,Resistor_SMD:R_0603_1608Metric,RC0603FR-0710KL,C98220
R60,10k,Resistor_SMD:R_0603_1608Metric,RC0603FR-0710KL,C98220
R61,100k 1%,Resistor_SMD:R_0603_1608Metric,0603WAF1003T5E,C25803
R62,13k 1%,Resistor_SMD:R_0603_1608Metric,0603WAF1302T5E,C22797
R65,53.6k 0.1%,Resistor_SMD:R_0603_1608Metric,ERA-3AEB5362V,C2074540
R66,10k 0.1%,Resistor_SMD:R_0603_1608Metric,RT0603BRD0710KL,C95204
R69,6.8k 0.1%,Resistor_SMD:R_0603_1608Metric,RT0603BRD076K8L,C861539
R70,2k 0.1%,Resistor_SMD:R_0603_1608Metric,PTFR0603B2K00P9,C328425
R71,10k bleed,Resistor_SMD:R_0603_1608Metric,RC0603FR-0710KL,C98220
R72,100R,Resistor_SMD:R_0603_1608Metric,0603WAF1000T5E,C22775
R101,100k,Resistor_SMD:R_0603_1608Metric,0603WAF1003T5E,C25803
R102,10k,Resistor_SMD:R_0603_1608Metric,RC0603FR-0710KL,C98220
R103,51k 1%,Resistor_SMD:R_0603_1608Metric,0603WAF5102T5E,C23196
R104,470R / 0.5W,Resistor_SMD:R_0805_2012Metric,ERJ-P06F4700V,C441978
R105,4.7k 1%,Resistor_SMD:R_0603_1608Metric,0603WAF4701T5E,C23162
R106,10k 1%,Resistor_SMD:R_0603_1608Metric,RC0603FR-0710KL,C98220
R107,10k 1%,Resistor_SMD:R_0603_1608Metric,RC0603FR-0710KL,C98220
R201,100k,Resistor_SMD:R_0603_1608Metric,0603WAF1003T5E,C25803
R202,10k,Resistor_SMD:R_0603_1608Metric,RC0603FR-0710KL,C98220
R203,51k 1%,Resistor_SMD:R_0603_1608Metric,0603WAF5102T5E,C23196
R204,470R / 0.5W,Resistor_SMD:R_0805_2012Metric,ERJ-P06F4700V,C441978
R205,4.7k 1%,Resistor_SMD:R_0603_1608Metric,0603WAF4701T5E,C23162
R206,10k 1%,Resistor_SMD:R_0603_1608Metric,RC0603FR-0710KL,C98220
R207,10k 1%,Resistor_SMD:R_0603_1608Metric,RC0603FR-0710KL,C98220
R301,100k,Resistor_SMD:R_0603_1608Metric,0603WAF1003T5E,C25803
R302,10k,Resistor_SMD:R_0603_1608Metric,RC0603FR-0710KL,C98220
R303,51k 1%,Resistor_SMD:R_0603_1608Metric,0603WAF5102T5E,C23196
R304,470R / 0.5W,Resistor_SMD:R_0805_2012Metric,ERJ-P06F4700V,C441978
R305,4.7k 1%,Resistor_SMD:R_0603_1608Metric,0603WAF4701T5E,C23162
R306,10k 1%,Resistor_SMD:R_0603_1608Metric,RC0603FR-0710KL,C98220
R307,10k 1%,Resistor_SMD:R_0603_1608Metric,RC0603FR-0710KL,C98220
R401,100k,Resistor_SMD:R_0603_1608Metric,0603WAF1003T5E,C25803
R402,10k,Resistor_SMD:R_0603_1608Metric,RC0603FR-0710KL,C98220
R403,51k 1%,Resistor_SMD:R_0603_1608Metric,0603WAF5102T5E,C23196
R404,470R / 0.5W,Resistor_SMD:R_0805_2012Metric,ERJ-P06F4700V,C441978
R405,4.7k 1%,Resistor_SMD:R_0603_1608Metric,0603WAF4701T5E,C23162
R406,10k 1%,Resistor_SMD:R_0603_1608Metric,RC0603FR-0710KL,C98220
R407,10k 1%,Resistor_SMD:R_0603_1608Metric,RC0603FR-0710KL,C98220
U1,AP2112K-3.3,Package_TO_SOT_SMD:SOT-23-5,AP2112K-3.3TRG1,C51118
U2,USBLC6-2SC6,Package_TO_SOT_SMD:SOT-23-6,USBLC6-2SC6,C7519
U3,USB2514B-AEZC-TR,Package_DFN_QFN:QFN-36-1EP_6x6mm_P0.5mm_EP3.7x3.7mm,USB2514B-AEZC-TR,C16251
U4,APX803S00-31SR,DUT_Custom:Diodes_APX803S_SR_SOT23,APX803S00-31SR-7,C2067620
U6,SCT2433STER,DUT_Custom:SCT2433_ESOP8,SCT2433STER,C509399
U7,ETA7014S2G,Package_TO_SOT_SMD:SOT-23-6,ETA7014S2G,C7465500
U11,CH217A,Package_TO_SOT_SMD:SOT-23-6,CH217A,C54973763
U12,CH217A,Package_TO_SOT_SMD:SOT-23-6,CH217A,C54973763
U13,CH217A,Package_TO_SOT_SMD:SOT-23-6,CH217A,C54973763
U14,CH217A,Package_TO_SOT_SMD:SOT-23-6,CH217A,C54973763
U21,USBLC6-2SC6,Package_TO_SOT_SMD:SOT-23-6,USBLC6-2SC6,C7519
U22,USBLC6-2SC6,Package_TO_SOT_SMD:SOT-23-6,USBLC6-2SC6,C7519
U23,USBLC6-2SC6,Package_TO_SOT_SMD:SOT-23-6,USBLC6-2SC6,C7519
U24,USBLC6-2SC6,Package_TO_SOT_SMD:SOT-23-6,USBLC6-2SC6,C7519
Y1,24MHz / CL20pF,DUT_Custom:YXC_YSX531SL_5032,XL1EL89CSI-111YLC-24M,C18214302
