Comment,Designator,Footprint,LCSC Part #,Manufacturer Part Number,Quantity
4.7u / 16V,"C1,C2,C4,C26",Capacitor_SMD:C_0805_2012Metric,C880382,0805B475K160NT,4
100nF,"C10,C11,C14,C21,C22,C23,C24,C25,C63,C70,C71,C101,C104,C201,C204,C301,C304,C401,C404",0603 compatible lands; see native per-reference geometry,C14663,CC0603KRX7R9BB104,19
33pF C0G,"C12,C13",Capacitor_SMD:C_0603_1608Metric,C1663,CL10C330JB8NNNC,2
100nF,"C20,C27",Capacitor_SMD:C_0402_1005Metric,C105883,CC0402KRX7R8BB104,2
4.7u / 50V,"C60,C61,C72,C80",Capacitor_SMD:C_1206_3216Metric,C29823,1206B475K500NT,4
10u / 50V,"C64,C65,C66,C67,C68,C69,C82,C83",DUT_Custom:Samsung_CL31_1206,C913957,CL31B106KBHNFNE,8
47u / 50V,C73,Capacitor_THT:CP_Radial_D6.3mm_P2.50mm,C122243,SPZ1HM470E08O00RAXXX,1
220u / 50V polymer,"C74,C76,C77",Capacitor_THT:CP_Radial_D10.0mm_P5.00mm,C2691846,SPZ1HM221G12O00RAXXX,3
10uF / 16V,"C102,C202,C302,C402",Capacitor_SMD:C_0805_2012Metric,C326595,CC0805KKX7R7BB106,4
220uF / 10V,"C103,C203,C303,C403",Capacitor_THT:CP_Radial_D6.3mm_P2.50mm,C106640,ERS1AM221E11OT,4
SMCJ24CA / bidir,D6,Diode_SMD:D_SMC,C135155,SMCJ24CA-13-F,1
12V gate clamp,D7,Diode_SMD:D_SOD-123F,C282531,"BZT52H-C12,115",1
STPS5L60S,D8,Diode_SMD:D_SMC,C140620,STPS5L60S,1
GREEN / VBUS,"D101,D201,D301,D401",DUT_Custom:LED_LiteOn_LTST-S270KGKT_SideView,C125113,LTST-S270KGKT,4
5 A / Nano2,F1,Fuse:Fuse_Littelfuse-NANO2-451_453,C48467,0451005.MRL,1
12-24V DC / pluggable,J1,DUT_Custom:Phoenix_MSTBA_1757242_2pos_P5.08,C90074,1757242,1
XUNPU USB-B10-BRW,J2,DUT_Custom:XUNPU_USB_B10_BRW,C720549,USB-B10-BRW,1
USB-231-ARY,"J11,J12,J13,J14",DUT_Custom:XUNPU_USB_231_ARY,C720525,USB-231-ARY,4
10uH / MNR8065T,L6,DUT_Custom:Sunlord_SWPA8065S,C18222125,MNR8065T100MT,1
AOD409 / -60V P-MOS,Q6,DUT_Custom:AOS_AOD409_TO252,C36220,AOD409,1
MMBT3904,"Q11,Q12,Q13,Q14",Package_TO_SOT_SMD:SOT-23,C81464,MMBT3904LT1G,4
100k 1%,"R1,R2,R10,R11,R12,R13,R61,R101,R201,R301,R401",Resistor_SMD:R_0603_1608Metric,C25803,0603WAF1003T5E,11
12k 1%,R14,Resistor_SMD:R_0603_1608Metric,C22790,0603WAF1202T5E,1
10k,"R15,R60,R71,R102,R106,R107,R202,R206,R207,R302,R306,R307,R402,R406,R407",Resistor_SMD:R_0603_1608Metric,C98220,RC0603FR-0710KL,15
13k 1%,R62,Resistor_SMD:R_0603_1608Metric,C22797,0603WAF1302T5E,1
53.6k 0.1%,R65,Resistor_SMD:R_0603_1608Metric,C2074540,ERA-3AEB5362V,1
10k 0.1%,R66,Resistor_SMD:R_0603_1608Metric,C95204,RT0603BRD0710KL,1
6.8k 0.1%,R69,Resistor_SMD:R_0603_1608Metric,C861539,RT0603BRD076K8L,1
2k 0.1%,R70,Resistor_SMD:R_0603_1608Metric,C328425,PTFR0603B2K00P9,1
100R,R72,Resistor_SMD:R_0603_1608Metric,C22775,0603WAF1000T5E,1
51k 1%,"R103,R203,R303,R403",Resistor_SMD:R_0603_1608Metric,C23196,0603WAF5102T5E,4
470R / 0.5W,"R104,R204,R304,R404",Resistor_SMD:R_0805_2012Metric,C441978,ERJ-P06F4700V,4
4.7k 1%,"R105,R205,R305,R405",Resistor_SMD:R_0603_1608Metric,C23162,0603WAF4701T5E,4
AP2112K-3.3,U1,Package_TO_SOT_SMD:SOT-23-5,C51118,AP2112K-3.3TRG1,1
USBLC6-2SC6,"U2,U21,U22,U23,U24",Package_TO_SOT_SMD:SOT-23-6,C7519,USBLC6-2SC6,5
USB2514B-AEZC-TR,U3,Package_DFN_QFN:QFN-36-1EP_6x6mm_P0.5mm_EP3.7x3.7mm,C16251,USB2514B-AEZC-TR,1
APX803S00-31SR,U4,DUT_Custom:Diodes_APX803S_SR_SOT23,C2067620,APX803S00-31SR-7,1
SCT2433STER,U6,DUT_Custom:SCT2433_ESOP8,C509399,SCT2433STER,1
ETA7014S2G,U7,Package_TO_SOT_SMD:SOT-23-6,C7465500,ETA7014S2G,1
CH217A,"U11,U12,U13,U14",Package_TO_SOT_SMD:SOT-23-6,C54973763,CH217A,4
24MHz / CL20pF,Y1,DUT_Custom:YXC_YSX531SL_5032,C18214302,XL1EL89CSI-111YLC-24M,1
