Designator,Mid X,Mid Y,Layer,Rotation
C1,44.000000mm,-45.000000mm,top,270.0
C2,51.000000mm,-45.000000mm,top,270.0
C4,60.500000mm,-47.300000mm,top,180.0
C10,24.900000mm,-41.700000mm,top,270.0
C11,37.300000mm,-39.500000mm,top,0.0
C12,19.300000mm,-43.100000mm,top,180.0
C13,22.199999mm,-36.300000mm,top,0.0
C14,15.500000mm,-29.500000mm,top,0.0
C20,31.300000mm,-46.100000mm,top,270.0
C21,37.000000mm,-42.700000mm,top,0.0
C22,25.000000mm,-35.500000mm,top,90.0
C23,22.300000mm,-43.400000mm,top,0.0
C24,37.200000mm,-37.200000mm,top,0.0
C25,30.400000mm,-33.600000mm,top,90.0
C26,36.500000mm,-31.500000mm,top,0.0
C27,27.000000mm,-18.000000mm,top,0.0
C60,69.200000mm,-21.800000mm,top,0.0
C61,69.200000mm,-19.300000mm,top,0.0
C63,64.500000mm,-32.900000mm,top,180.0
C64,53.000000mm,-34.000000mm,top,180.0
C65,59.000000mm,-34.000000mm,top,180.0
C66,53.000000mm,-36.500000mm,top,180.0
C67,59.000000mm,-36.500000mm,top,180.0
C68,53.000000mm,-39.000000mm,top,180.0
C69,59.000000mm,-39.000000mm,top,180.0
C70,68.365000mm,-24.500000mm,top,0.0
C71,56.500000mm,-31.500000mm,top,180.0
C72,72.000000mm,-44.100000mm,top,0.0
C73,90.000000mm,-27.500000mm,top,180.0
C74,45.000000mm,-10.000000mm,top,180.0
C76,57.000000mm,-10.000000mm,top,180.0
C77,45.000000mm,-22.000000mm,top,180.0
C80,69.200000mm,-16.800000mm,top,0.0
C82,53.000000mm,-41.500000mm,top,180.0
C83,59.000000mm,-41.500000mm,top,180.0
C101,13.300000mm,-59.150000mm,top,180.0
C102,20.650000mm,-51.000000mm,top,180.0
C103,24.500000mm,-59.500000mm,top,0.0
C104,21.200000mm,-63.299999mm,top,90.0
C201,33.300000mm,-59.150000mm,top,180.0
C202,40.650000mm,-51.000000mm,top,180.0
C203,44.500000mm,-59.500000mm,top,0.0
C204,41.200000mm,-63.299999mm,top,90.0
C301,54.400000mm,-60.650000mm,top,180.0
C302,60.650000mm,-51.000000mm,top,180.0
C303,64.500000mm,-59.500000mm,top,0.0
C304,61.200000mm,-63.299999mm,top,90.0
C401,73.300000mm,-59.150000mm,top,180.0
C402,80.650000mm,-51.000000mm,top,180.0
C403,84.500000mm,-59.500000mm,top,0.0
C404,81.200000mm,-63.299999mm,top,90.0
D6,67.500000mm,-10.000000mm,top,0.0
D7,80.000000mm,-25.000000mm,top,0.0
D8,80.500000mm,-35.500000mm,top,270.0
D101,27.400000mm,-78.950000mm,top,0.0
D201,47.400000mm,-78.950000mm,top,0.0
D301,67.400000mm,-78.950000mm,top,0.0
D401,87.400000mm,-78.950000mm,top,0.0
F1,80.000000mm,-12.500000mm,top,0.0
J1,83.000000mm,-6.500000mm,top,180.0
J2,14.750000mm,-15.000000mm,top,90.0
J11,17.500000mm,-67.000000mm,top,0.0
J12,37.500000mm,-67.000000mm,top,0.0
J13,57.500000mm,-67.000000mm,top,0.0
J14,77.500000mm,-67.000000mm,top,0.0
L6,61.500000mm,-26.000000mm,top,180.0
Q6,83.000000mm,-20.000000mm,top,0.0
Q11,13.000000mm,-56.000000mm,top,0.0
Q12,33.000000mm,-56.500000mm,top,0.0
Q13,53.400000mm,-55.500000mm,top,0.0
Q14,73.000000mm,-56.000000mm,top,0.0
R1,22.500000mm,-34.300000mm,top,0.0
R2,23.600000mm,-31.800000mm,top,90.0
R10,28.000000mm,-30.500000mm,top,90.0
R11,25.500000mm,-30.500000mm,top,90.0
R12,21.299999mm,-32.700000mm,top,0.0
R13,34.000000mm,-34.500000mm,top,0.0
R14,26.600000mm,-42.700000mm,top,270.0
R15,23.000000mm,-29.500000mm,top,0.0
R60,83.500000mm,-27.000000mm,top,0.0
R61,73.000000mm,-25.000000mm,top,180.0
R62,73.000000mm,-23.100000mm,top,0.0
R65,73.100000mm,-34.700000mm,top,90.0
R66,75.000000mm,-34.700000mm,top,90.0
R69,61.000000mm,-43.800000mm,top,0.0
R70,60.800000mm,-45.400000mm,top,180.0
R71,88.000000mm,-39.000000mm,top,90.0
R72,68.800000mm,-41.500000mm,top,0.0
R101,13.600000mm,-53.200000mm,top,0.0
R102,41.000000mm,-40.750000mm,top,180.0
R103,20.600000mm,-55.900000mm,top,90.0
R104,28.000000mm,-64.000000mm,top,0.0
R105,28.000000mm,-75.600000mm,top,90.0
R106,10.900000mm,-52.700000mm,top,90.0
R107,16.900000mm,-51.850000mm,top,0.0
R201,29.300000mm,-54.700000mm,top,90.0
R202,41.000000mm,-42.500000mm,top,180.0
R203,40.600000mm,-55.900000mm,top,90.0
R204,48.000000mm,-64.000000mm,top,0.0
R205,47.700000mm,-75.600000mm,top,90.0
R206,30.900000mm,-52.700000mm,top,90.0
R207,36.900000mm,-51.850000mm,top,0.0
R301,53.600000mm,-52.700000mm,top,0.0
R302,41.000000mm,-35.000000mm,top,180.0
R303,60.600000mm,-55.900000mm,top,90.0
R304,68.000000mm,-64.000000mm,top,0.0
R305,68.000000mm,-75.600000mm,top,90.0
R306,50.300000mm,-52.700000mm,top,90.0
R307,56.900000mm,-52.150000mm,top,0.0
R401,73.600000mm,-53.200000mm,top,0.0
R402,41.000000mm,-32.500000mm,top,180.0
R403,80.600000mm,-55.900000mm,top,90.0
R404,88.000000mm,-64.000000mm,top,0.0
R405,88.000000mm,-75.600000mm,top,90.0
R406,70.900000mm,-52.700000mm,top,90.0
R407,76.900000mm,-51.850000mm,top,0.0
U1,47.500000mm,-45.000000mm,top,0.0
U2,27.000000mm,-14.000000mm,top,0.0
U3,31.000000mm,-39.500000mm,top,90.0
U4,19.000000mm,-29.500000mm,top,0.0
U6,69.000000mm,-30.000000mm,top,90.0
U7,65.000000mm,-45.000000mm,top,0.0
U11,17.500000mm,-56.500000mm,top,180.0
U12,37.500000mm,-56.500000mm,top,180.0
U13,57.500000mm,-56.500000mm,top,180.0
U14,77.500000mm,-56.500000mm,top,180.0
U21,17.500000mm,-62.900000mm,top,270.0
U22,37.500000mm,-62.900000mm,top,270.0
U23,57.500000mm,-62.900000mm,top,270.0
U24,77.500000mm,-62.900000mm,top,270.0
Y1,21.000000mm,-40.200000mm,top,0.0
