Ref,Val,Package,PosX,PosY,Rot,Side
"C1","4.7u / 16V","C_0805_2012Metric",44.000000,-45.000000,-90.000000,top
"C2","4.7u / 16V","C_0805_2012Metric",51.000000,-45.000000,-90.000000,top
"C4","4.7u / 16V","C_0805_2012Metric",60.500000,-47.300000,180.000000,top
"C10","100nF","C_0603_1608Metric",24.900000,-41.700000,-90.000000,top
"C11","100nF","C_0603_1608Metric",37.300000,-39.500000,0.000000,top
"C12","33pF C0G","C_0603_1608Metric",19.300000,-43.100000,180.000000,top
"C13","33pF C0G","C_0603_1608Metric",22.199999,-36.300000,0.000000,top
"C14","100nF","C_0603_1608Metric",15.500000,-29.500000,0.000000,top
"C20","100nF","C_0402_1005Metric",31.300000,-46.100000,-90.000000,top
"C21","100nF","C_0603_1608Metric",37.000000,-42.700000,0.000000,top
"C22","100nF","C_0603_1608Metric",25.000000,-35.500000,90.000000,top
"C23","100nF","C_0603_1608Metric",22.300000,-43.400000,0.000000,top
"C24","100nF","C_0603_1608Metric",37.200000,-37.200000,0.000000,top
"C25","100nF","C_0603_1608Metric",30.400000,-33.600000,90.000000,top
"C26","4.7uF / 16V","C_0805_2012Metric",36.500000,-31.500000,0.000000,top
"C27","100nF / 25V","C_0402_1005Metric",27.000000,-18.000000,0.000000,top
"C60","4.7u / 50V","C_1206_3216Metric",69.200000,-21.800000,0.000000,top
"C61","4.7u / 50V","C_1206_3216Metric",69.200000,-19.300000,0.000000,top
"C63","100n / 50V","R_0603_1608Metric",64.500000,-32.900000,180.000000,top
"C64","10u / 50V","Samsung_CL31_1206",53.000000,-34.000000,180.000000,top
"C65","10u / 50V","Samsung_CL31_1206",59.000000,-34.000000,180.000000,top
"C66","10u / 50V","Samsung_CL31_1206",53.000000,-36.500000,180.000000,top
"C67","10u / 50V","Samsung_CL31_1206",59.000000,-36.500000,180.000000,top
"C68","10u / 50V","Samsung_CL31_1206",53.000000,-39.000000,180.000000,top
"C69","10u / 50V","Samsung_CL31_1206",59.000000,-39.000000,180.000000,top
"C70","100n / 50V","R_0603_1608Metric",68.365000,-24.500000,0.000000,top
"C71","100n / 50V","C_0603_1608Metric",56.500000,-31.500000,180.000000,top
"C72","4.7u / 50V","C_1206_3216Metric",72.000000,-44.100000,0.000000,top
"C73","47u / 50V","CP_Radial_D6.3mm_P2.50mm",90.000000,-27.500000,180.000000,top
"C74","220u / 50V polymer","CP_Radial_D10.0mm_P5.00mm",45.000000,-10.000000,180.000000,top
"C76","220u / 50V polymer","CP_Radial_D10.0mm_P5.00mm",57.000000,-10.000000,180.000000,top
"C77","220u / 50V polymer","CP_Radial_D10.0mm_P5.00mm",45.000000,-22.000000,180.000000,top
"C80","4.7u / 50V","C_1206_3216Metric",69.200000,-16.800000,0.000000,top
"C82","10u / 50V","Samsung_CL31_1206",53.000000,-41.500000,180.000000,top
"C83","10u / 50V","Samsung_CL31_1206",59.000000,-41.500000,180.000000,top
"C101","100nF","C_0603_1608Metric",13.300000,-59.150000,180.000000,top
"C102","10uF / 16V","C_0805_2012Metric",20.650000,-51.000000,180.000000,top
"C103","220uF / 10V","CP_Radial_D6.3mm_P2.50mm",24.500000,-59.500000,0.000000,top
"C104","100nF","C_0603_1608Metric",21.200000,-63.299999,90.000000,top
"C201","100nF","C_0603_1608Metric",33.300000,-59.150000,180.000000,top
"C202","10uF / 16V","C_0805_2012Metric",40.650000,-51.000000,180.000000,top
"C203","220uF / 10V","CP_Radial_D6.3mm_P2.50mm",44.500000,-59.500000,0.000000,top
"C204","100nF","C_0603_1608Metric",41.200000,-63.299999,90.000000,top
"C301","100nF","C_0603_1608Metric",54.400000,-60.650000,180.000000,top
"C302","10uF / 16V","C_0805_2012Metric",60.650000,-51.000000,180.000000,top
"C303","220uF / 10V","CP_Radial_D6.3mm_P2.50mm",64.500000,-59.500000,0.000000,top
"C304","100nF","C_0603_1608Metric",61.200000,-63.299999,90.000000,top
"C401","100nF","C_0603_1608Metric",73.300000,-59.150000,180.000000,top
"C402","10uF / 16V","C_0805_2012Metric",80.650000,-51.000000,180.000000,top
"C403","220uF / 10V","CP_Radial_D6.3mm_P2.50mm",84.500000,-59.500000,0.000000,top
"C404","100nF","C_0603_1608Metric",81.200000,-63.299999,90.000000,top
"D6","SMCJ24CA / bidir","D_SMC",67.500000,-10.000000,0.000000,top
"D7","12V gate clamp","D_SOD-123F",80.000000,-25.000000,0.000000,top
"D8","STPS5L60S","D_SMC",80.500000,-35.500000,-90.000000,top
"D101","GREEN / VBUS","LED_LiteOn_LTST-S270KGKT_SideView",27.400000,-78.950000,0.000000,top
"D201","GREEN / VBUS","LED_LiteOn_LTST-S270KGKT_SideView",47.400000,-78.950000,0.000000,top
"D301","GREEN / VBUS","LED_LiteOn_LTST-S270KGKT_SideView",67.400000,-78.950000,0.000000,top
"D401","GREEN / VBUS","LED_LiteOn_LTST-S270KGKT_SideView",87.400000,-78.950000,0.000000,top
"F1","5 A / Nano2","Fuse_Littelfuse-NANO2-451_453",80.000000,-12.500000,0.000000,top
"J1","12-24V DC / pluggable","Phoenix_MSTBA_1757242_2pos_P5.08",83.000000,-6.500000,180.000000,top
"J2","XUNPU USB-B10-BRW","XUNPU_USB_B10_BRW",14.750000,-15.000000,90.000000,top
"J11","USB-231-ARY","XUNPU_USB_231_ARY",17.500000,-67.000000,0.000000,top
"J12","USB-231-ARY","XUNPU_USB_231_ARY",37.500000,-67.000000,0.000000,top
"J13","USB-231-ARY","XUNPU_USB_231_ARY",57.500000,-67.000000,0.000000,top
"J14","USB-231-ARY","XUNPU_USB_231_ARY",77.500000,-67.000000,0.000000,top
"L6","10uH / MNR8065T","Sunlord_SWPA8065S",61.500000,-26.000000,180.000000,top
"Q6","AOD409 / -60V P-MOS","AOS_AOD409_TO252",83.000000,-20.000000,0.000000,top
"Q11","MMBT3904","SOT-23",13.000000,-56.000000,0.000000,top
"Q12","MMBT3904","SOT-23",33.000000,-56.500000,0.000000,top
"Q13","MMBT3904","SOT-23",53.400000,-55.500000,0.000000,top
"Q14","MMBT3904","SOT-23",73.000000,-56.000000,0.000000,top
"R1","100k 1%","R_0603_1608Metric",22.500000,-34.300000,0.000000,top
"R2","100k 1%","R_0603_1608Metric",23.600000,-31.800000,90.000000,top
"R10","100k","R_0603_1608Metric",28.000000,-30.500000,90.000000,top
"R11","100k","R_0603_1608Metric",25.500000,-30.500000,90.000000,top
"R12","100k","R_0603_1608Metric",21.299999,-32.700000,0.000000,top
"R13","100k","R_0603_1608Metric",34.000000,-34.500000,0.000000,top
"R14","12k 1%","R_0603_1608Metric",26.600000,-42.700000,-90.000000,top
"R15","10k","R_0603_1608Metric",23.000000,-29.500000,0.000000,top
"R60","10k","R_0603_1608Metric",83.500000,-27.000000,0.000000,top
"R61","100k 1%","R_0603_1608Metric",73.000000,-25.000000,180.000000,top
"R62","13k 1%","R_0603_1608Metric",73.000000,-23.100000,0.000000,top
"R65","53.6k 0.1%","R_0603_1608Metric",73.100000,-34.700000,90.000000,top
"R66","10k 0.1%","R_0603_1608Metric",75.000000,-34.700000,90.000000,top
"R69","6.8k 0.1%","R_0603_1608Metric",61.000000,-43.800000,0.000000,top
"R70","2k 0.1%","R_0603_1608Metric",60.800000,-45.400000,180.000000,top
"R71","10k bleed","R_0603_1608Metric",88.000000,-39.000000,90.000000,top
"R72","100R","R_0603_1608Metric",68.800000,-41.500000,0.000000,top
"R101","100k","R_0603_1608Metric",13.600000,-53.200000,0.000000,top
"R102","10k","R_0603_1608Metric",41.000000,-40.750000,180.000000,top
"R103","51k 1%","R_0603_1608Metric",20.600000,-55.900000,90.000000,top
"R104","470R / 0.5W","R_0805_2012Metric",28.000000,-64.000000,0.000000,top
"R105","4.7k 1%","R_0603_1608Metric",28.000000,-75.600000,90.000000,top
"R106","10k 1%","R_0603_1608Metric",10.900000,-52.700000,90.000000,top
"R107","10k 1%","R_0603_1608Metric",16.900000,-51.850000,0.000000,top
"R201","100k","R_0603_1608Metric",29.300000,-54.700000,90.000000,top
"R202","10k","R_0603_1608Metric",41.000000,-42.500000,180.000000,top
"R203","51k 1%","R_0603_1608Metric",40.600000,-55.900000,90.000000,top
"R204","470R / 0.5W","R_0805_2012Metric",48.000000,-64.000000,0.000000,top
"R205","4.7k 1%","R_0603_1608Metric",47.700000,-75.600000,90.000000,top
"R206","10k 1%","R_0603_1608Metric",30.900000,-52.700000,90.000000,top
"R207","10k 1%","R_0603_1608Metric",36.900000,-51.850000,0.000000,top
"R301","100k","R_0603_1608Metric",53.600000,-52.700000,0.000000,top
"R302","10k","R_0603_1608Metric",41.000000,-35.000000,180.000000,top
"R303","51k 1%","R_0603_1608Metric",60.600000,-55.900000,90.000000,top
"R304","470R / 0.5W","R_0805_2012Metric",68.000000,-64.000000,0.000000,top
"R305","4.7k 1%","R_0603_1608Metric",68.000000,-75.600000,90.000000,top
"R306","10k 1%","R_0603_1608Metric",50.300000,-52.700000,90.000000,top
"R307","10k 1%","R_0603_1608Metric",56.900000,-52.150000,0.000000,top
"R401","100k","R_0603_1608Metric",73.600000,-53.200000,0.000000,top
"R402","10k","R_0603_1608Metric",41.000000,-32.500000,180.000000,top
"R403","51k 1%","R_0603_1608Metric",80.600000,-55.900000,90.000000,top
"R404","470R / 0.5W","R_0805_2012Metric",88.000000,-64.000000,0.000000,top
"R405","4.7k 1%","R_0603_1608Metric",88.000000,-75.600000,90.000000,top
"R406","10k 1%","R_0603_1608Metric",70.900000,-52.700000,90.000000,top
"R407","10k 1%","R_0603_1608Metric",76.900000,-51.850000,0.000000,top
"U1","AP2112K-3.3","SOT-23-5",47.500000,-45.000000,0.000000,top
"U2","USBLC6-2SC6","SOT-23-6",27.000000,-14.000000,0.000000,top
"U3","USB2514B-AEZC-TR","QFN-36-1EP_6x6mm_P0.5mm_EP3.7x3.7mm",31.000000,-39.500000,90.000000,top
"U4","APX803S00-31SR","Diodes_APX803S_SR_SOT23",19.000000,-29.500000,0.000000,top
"U6","SCT2433STER","SCT2433_ESOP8",69.000000,-30.000000,90.000000,top
"U7","ETA7014S2G","SOT-23-6",65.000000,-45.000000,0.000000,top
"U11","CH217A","SOT-23-6",17.500000,-56.500000,180.000000,top
"U12","CH217A","SOT-23-6",37.500000,-56.500000,180.000000,top
"U13","CH217A","SOT-23-6",57.500000,-56.500000,180.000000,top
"U14","CH217A","SOT-23-6",77.500000,-56.500000,180.000000,top
"U21","USBLC6-2SC6","SOT-23-6",17.500000,-62.900000,-90.000000,top
"U22","USBLC6-2SC6","SOT-23-6",37.500000,-62.900000,-90.000000,top
"U23","USBLC6-2SC6","SOT-23-6",57.500000,-62.900000,-90.000000,top
"U24","USBLC6-2SC6","SOT-23-6",77.500000,-62.900000,-90.000000,top
"Y1","24MHz / CL20pF","YXC_YSX531SL_5032",21.000000,-40.200000,0.000000,top
