LCSC Part #,Manufacturer Part Number,Quantity Per Board,Designator,Scope
C880382,0805B475K160NT,4,"C1,C2,C4,C26",Fitted PCB component
C14663,CC0603KRX7R9BB104,19,"C10,C11,C14,C21,C22,C23,C24,C25,C63,C70,C71,C101,C104,C201,C204,C301,C304,C401,C404",Fitted PCB component
C1663,CL10C330JB8NNNC,2,"C12,C13",Fitted PCB component
C105883,CC0402KRX7R8BB104,2,"C20,C27",Fitted PCB component
C29823,1206B475K500NT,4,"C60,C61,C72,C80",Fitted PCB component
C913957,CL31B106KBHNFNE,8,"C64,C65,C66,C67,C68,C69,C82,C83",Fitted PCB component
C122243,SPZ1HM470E08O00RAXXX,1,C73,Fitted PCB component
C2691846,SPZ1HM221G12O00RAXXX,3,"C74,C76,C77",Fitted PCB component
C326595,CC0805KKX7R7BB106,4,"C102,C202,C302,C402",Fitted PCB component
C106640,ERS1AM221E11OT,4,"C103,C203,C303,C403",Fitted PCB component
C135155,SMCJ24CA-13-F,1,D6,Fitted PCB component
C282531,"BZT52H-C12,115",1,D7,Fitted PCB component
C140620,STPS5L60S,1,D8,Fitted PCB component
C125113,LTST-S270KGKT,4,"D101,D201,D301,D401",Fitted PCB component
C48467,0451005.MRL,1,F1,Fitted PCB component
C90074,1757242,1,J1,Fitted PCB component
C720549,USB-B10-BRW,1,J2,Fitted PCB component
C720525,USB-231-ARY,4,"J11,J12,J13,J14",Fitted PCB component
C18222125,MNR8065T100MT,1,L6,Fitted PCB component
C36220,AOD409,1,Q6,Fitted PCB component
C81464,MMBT3904LT1G,4,"Q11,Q12,Q13,Q14",Fitted PCB component
C25803,0603WAF1003T5E,11,"R1,R2,R10,R11,R12,R13,R61,R101,R201,R301,R401",Fitted PCB component
C22790,0603WAF1202T5E,1,R14,Fitted PCB component
C98220,RC0603FR-0710KL,15,"R15,R60,R71,R102,R106,R107,R202,R206,R207,R302,R306,R307,R402,R406,R407",Fitted PCB component
C22797,0603WAF1302T5E,1,R62,Fitted PCB component
C2074540,ERA-3AEB5362V,1,R65,Fitted PCB component
C95204,RT0603BRD0710KL,1,R66,Fitted PCB component
C861539,RT0603BRD076K8L,1,R69,Fitted PCB component
C328425,PTFR0603B2K00P9,1,R70,Fitted PCB component
C22775,0603WAF1000T5E,1,R72,Fitted PCB component
C23196,0603WAF5102T5E,4,"R103,R203,R303,R403",Fitted PCB component
C441978,ERJ-P06F4700V,4,"R104,R204,R304,R404",Fitted PCB component
C23162,0603WAF4701T5E,4,"R105,R205,R305,R405",Fitted PCB component
C51118,AP2112K-3.3TRG1,1,U1,Fitted PCB component
C7519,USBLC6-2SC6,5,"U2,U21,U22,U23,U24",Fitted PCB component
C16251,USB2514B-AEZC-TR,1,U3,Fitted PCB component
C2067620,APX803S00-31SR-7,1,U4,Fitted PCB component
C509399,SCT2433STER,1,U6,Fitted PCB component
C7465500,ETA7014S2G,1,U7,Fitted PCB component
C54973763,CH217A,4,"U11,U12,U13,U14",Fitted PCB component
C18214302,XL1EL89CSI-111YLC-24M,1,Y1,Fitted PCB component
C90073,1757019,1,J1 mating plug,Separate accessory; not part of 131 fitted components
